file,canonical_replay,json_round_trip,known_action_failure,user_acceptance,real_device,notes
bmr/advocate.game.json,PASS,PASS,,NOT_RUN,NOT_RUN,
bmr/assassin.game.json,PASS,PASS,,NOT_RUN,NOT_RUN,
bmr/execution.game.json,PASS,PASS,,NOT_RUN,NOT_RUN,
bmr/gambler.game.json,PASS,PASS,,NOT_RUN,NOT_RUN,
bmr/grandmother-chain.game.json,PASS,PASS,,NOT_RUN,NOT_RUN,
bmr/grandmother.game.json,PASS,PASS,,NOT_RUN,NOT_RUN,
bmr/moonchild-night.game.json,PASS,PASS,,NOT_RUN,NOT_RUN,
bmr/moonchild.game.json,PASS,PASS,,NOT_RUN,NOT_RUN,
bmr/poisoned-grandmother.game.json,PASS,PASS,,NOT_RUN,NOT_RUN,
bmr/fool-first-execution.game.json,PASS,PASS,,NOT_RUN,NOT_RUN,
bmr/fool-spent-attack.game.json,PASS,PASS,,NOT_RUN,NOT_RUN,
bmr/poisoned-gambler.game.json,PASS,PASS,,NOT_RUN,NOT_RUN,
bmr/poisoned-fool-execution.game.json,PASS,PASS,,NOT_RUN,NOT_RUN,
bmr/poisoned-assassin.game.json,PASS,PASS,,NOT_RUN,NOT_RUN,
bmr/assassin-spent.game.json,PASS,PASS,,NOT_RUN,NOT_RUN,
bmr/advocate-second-night.game.json,PASS,PASS,,NOT_RUN,NOT_RUN,
bmr/advocate-expired-execution.game.json,PASS,PASS,,NOT_RUN,NOT_RUN,
bmr/moonchild-day-choice.game.json,PASS,PASS,,NOT_RUN,NOT_RUN,
bmr/moonchild-night-lethal.game.json,PASS,PASS,,NOT_RUN,NOT_RUN,
bmr/moonchild-night-poisoned.game.json,PASS,PASS,,NOT_RUN,NOT_RUN,
noble/normal.game.json,PASS,PASS,,NOT_RUN,NOT_RUN,
noble/poisoned.game.json,PASS,PASS,,NOT_RUN,NOT_RUN,
noble/recluse.game.json,PASS,PASS,,NOT_RUN,NOT_RUN,
noble/spy.game.json,PASS,PASS,,NOT_RUN,NOT_RUN,
noble/vortox.game.json,PASS,PASS,,NOT_RUN,NOT_RUN,
noble/philosopher.game.json,PASS,PASS,,NOT_RUN,NOT_RUN,
golem/normal.game.json,PASS,PASS,,NOT_RUN,NOT_RUN,
golem/poisoned.game.json,PASS,PASS,,NOT_RUN,NOT_RUN,
golem/recluse.game.json,PASS,PASS,,NOT_RUN,NOT_RUN,
golem/spent.game.json,PASS,PASS,,NOT_RUN,NOT_RUN,
golem/dead.game.json,PASS,PASS,,NOT_RUN,NOT_RUN,
golem/sweetheart.game.json,PASS,PASS,,NOT_RUN,NOT_RUN,
golem/boffin-spent.game.json,PASS,PASS,,NOT_RUN,NOT_RUN,
golem/boffin-suspended.game.json,PASS,PASS,,NOT_RUN,NOT_RUN,
golem/boffin-recovered.game.json,PASS,PASS,,NOT_RUN,NOT_RUN,
integrated/all-eight-day.game.json,PASS,PASS,,NOT_RUN,NOT_RUN,
